CDID,ADDRESS1,ADDRESS2,ADDRESS3,CITY,STATEPROVINCE,POSTALCODE,COUNTRY,Raw Data
710602498,7th Floor Suite 700,100 North Union Street,,Montgomery,AL,36104,US,"7th Floor, Suite 700,100 North Union Street Montgomery AL 36104"
710005132,Suite 122,1101 East Warner Road,,Tempe,AZ,85284,US,"Suite 122,1101 East Warner Road Tempe AZ 85284"
711422208,Suite 1100,2325 East Camelback Road,,Phoenix,AZ,85016,US,"Suite 1100,2325 East Camelback Road Phoenix AZ 85016"
710578784,16th Floor,650 California Street,,San Francisco,CA,94108,US,"16th Floor,650 California Street San Francisco CA 94108"
710586084,18th Floor,45 Fremont Street,,San Francisco,CA,94105,US,"18th Floor,45 Fremont Street San Francisco CA 94105"
711397461,12th Floor,520 Newport Center Drive,,Newport Beach,CA,92660,US,"12th Floor,520 Newport Center Drive Newport Beach CA 92660"
710610115,16th Floor,650 California Street,,San Francisco,CA,94108,US,"16th Floor,650 California Street San Francisco CA 94108"
710614700,29th Floor,595 Market Street,,San Francisco,CA,94105,US,"29th Floor,595 Market Street San Francisco CA 94105"
400171449,29th Floor,601 South Figueroa Street,,Los Angeles,CA,90017,US,"29th Floor,601 South Figueroa Street Los Angeles CA 90017"
710239795,3rd Floor,1050 Enterprise Way,,Sunnyvale,CA,94089,US,"3rd Floor,1050 Enterprise Way Sunnyvale CA 94089"
700086418,12th Floor,425 Market Street,,San Francisco,CA,94105,US,"12th Floor,425 Market Street San Francisco CA 94105"
710597146,12TH FLOOR,2200 POWELL STREET,,EMERYVILLE,CA,94608-0000,US,"12TH FLOOR,2200 POWELL STREET EMERYVILLE CA 94608-0000"
710603378,2nd Floor,919 East Hillsdale Blvd,,Foster City,CA,94404,US,"2nd Floor,919 East Hillsdale Blvd Foster City CA 94404"
400157119,10th Floor,1875 South Grant Street,,San Mateo,CA,94402,US,"10th Floor,1875 South Grant Street San Mateo CA 94402"
100009019,"Building A, 3rd Floor",4460 Hacienda Drive,,Pleasanton,CA,94588,US,"Building A, 3rd Floor,4460 Hacienda Drive Pleasanton CA 94588"
710492266,10th Floor,3699 Wilshire Blvd,,Los Angeles,CA,90010,US,"10th Floor,3699 Wilshire Blvd Los Angeles CA 90010"
400100293,Suite 200,10758 West Centennial Road,,Littleton,CO,80127,US,"Suite 200,10758 West Centennial Road Littleton CO 80127"
710600176,SUITE 2100,1675 BROADWAY,,DENVER,CO,81637-0000,US,"SUITE 2100,1675 BROADWAY DENVER CO 81637-0000"
400097416,Suite 250,1625 Broadway,,Denver,CO,80202,US,"Suite 250,1625 Broadway Denver CO 80202"
710445010,6th Floor,7190 Colorado Blvd.,,Commerce City,CO,80022,US,"6th Floor,7190 Colorado Blvd. Commerce City CO 80022"
712455434,3rd Floor,1550 Wynkoop Street,,Denver,CO,80202,US,"3rd Floor,1550 Wynkoop Street Denver CO 80202"
400173517,Suite 301,2150 Post Road,,Fairfield,CT,06824,US,"Suite 301,2150 Post Road Fairfield CT 06824"
715948255,1st Floor,53 Forest Avenue,,Old Greenwich,CT,06870,US,"1st Floor,53 Forest Avenue Old Greenwich CT 06870"
710587628,2nd Floor,5 Greenwich Office Park,,Greenwich,CT,06831,US,"2nd Floor,5 Greenwich Office Park Greenwich CT 06831"
710767098,"Building B, 3rd Floor",777 Long Ridge Road,,Stamford,CT,06902,US,"Building B, 3rd Floor,777 Long Ridge Road Stamford CT 06902"
400173746,5th Floor,84 West Park Place,,Stamford,CT,06901,US,"5th Floor,84 West Park Place Stamford CT 06901"
400170453,Suite 400,2711 Centerville Road,,Wilimington,DE,19808,US,"Suite 400,2711 Centerville Road Wilimington DE 19808"
715958386,Suite 410W,2300 Glades Road,,Boca Raton,FL,33431,US,"Suite 410W,2300 Glades Road Boca Raton FL 33431"
713660646,Suite 108,3293 Fruitville Road,,Sarasota,FL,34237,US,"Suite 108,3293 Fruitville Road Sarasota FL 34237"
716405078,Suite 150 - Mezzanine,2151 Lejeune Road,,Coral Gables,FL,33134,US,"Suite 150 - Mezzanine,2151 Lejeune Road Coral Gables FL 33134"
710629082,Suite 100,5844 Old Pasco Road,,Wesley Chapel,FL,33544,US,"Suite 100,5844 Old Pasco Road Wesley Chapel FL 33544"
712776834,Suite 104,2281 Lee Road,,Winter Park,FL,32789,US,"Suite 104,2281 Lee Road Winter Park FL 32789"
710694347,Suite A,2501 Burns Road,,Palm Bch Gardens,FL,33410,US,"Suite A,2501 Burns Road Palm Bch Gardens FL 33410"
110022205,Suite 533,4651 Salisbury Road,,Jacksonville,FL,32256,US,"Suite 533,4651 Salisbury Road Jacksonville FL 32256"
710601802,Suite 206,9530 Marketplace Road,,Fort Myers,FL,33912,US,"Suite 206,9530 Marketplace Road Fort Myers FL 33912"
710439108,6th Floor,1549 Ringling Blvd,,Sarasota,FL,34236,US,"6th Floor,1549 Ringling Blvd Sarasota FL 34236"
711267456,1st Floor,4730 State Road 64 East,,Bradenton,FL,34208,US,"1st Floor,4730 State Road 64 East Bradenton FL 34208"
711269520,4th Floor,700 Northwest 107th Avenue,,Miami,FL,33172,US,"4th Floor,700 Northwest 107th Avenue Miami FL 33172"
710597459,4TH FLOOR,400 S ORANGE AVENUE,,ORLANDO,FL,32801,US,"4TH FLOOR,400 S ORANGE AVENUE ORLANDO FL 32801"
710616406,5th Floor,2202 North West Shore Blvd,,Tampa,FL,33607,US,"5th Floor,2202 North West Shore Blvd Tampa FL 33607"
710597629,2nd Floor,415 East Monroe Street,,Jacksonville,FL,32202,US,"2nd Floor,415 East Monroe Street Jacksonville FL 32202"
710026530,3rd Floor,25 West Flagler Street,,Miami,FL,33130,US,"3rd Floor,25 West Flagler Street Miami FL 33130"
410023032,Suite 1800,3438 Peachtree Road Northeast,,Atlanta,GA,30326,US,"Suite 1800,3438 Peachtree Road Northeast Atlanta GA 30326"
400174907,"Building 3, Suite 700",3565 Piedmont Road Northeast,,Atlanta,GA,30305,US,"Building 3, Suite 700,3565 Piedmont Road Northeast Atlanta GA 30305"
400157631,Suite 260,1000 Abernathy Road,,Atlanta,GA,30328,US,"Suite 260,1000 Abernathy Road Atlanta GA 30328"
710490491,Suite 444,2030 Powers Ferry Road,,Atlanta,GA,30339,US,"Suite 444,2030 Powers Ferry Road Atlanta GA 30339"
700086253,"Terminus 100, Suite 500","3280 Peachtree Road, Northeast",,Atlanta,GA,30305,US,"Terminus 100, Suite 500,3280 Peachtree Road, Northeast Atlanta GA 30305"
400168872,Suite 1200,1200 Abernathy Road Northeast,,Atlanta,GA,30328,US,"Suite 1200,1200 Abernathy Road Northeast Atlanta GA 30328"
710440052,11th Floor,1100 Peachtree Street Northeas,,Atlanta,GA,30309,US,"11th Floor,1100 Peachtree Street Northeas Atlanta GA 30309"
710520185,20th Floor,130 Merchant Street,,Honolulu,HI,96813,US,"20th Floor,130 Merchant Street Honolulu HI 96813"
710445118,Suite 100,1300 Basswood Road,,Schaumburg,IL,60173,US,"Suite 100,1300 Basswood Road Schaumburg IL 60173"
716400646,Suite 210,707 Lake Cook Road,,Deerfield,IL,60015,US,"Suite 210,707 Lake Cook Road Deerfield IL 60015"
710586770,Suite 2,1011 Warrenville Road,,Lisle,IL,60532,US,"Suite 2,1011 Warrenville Road Lisle IL 60532"
710609910,Suite 550,520 Lake Cook Road,,Deerfield,IL,60015,US,"Suite 550,520 Lake Cook Road Deerfield IL 60015"
400173907,Suite 1000,425 North Martingale Road,,Schaumburg,IL,60173,US,"Suite 1000,425 North Martingale Road Schaumburg IL 60173"
711397508,Suite 300,520 Lake Cook Road,,Deerfield,IL,60015,US,"Suite 300,520 Lake Cook Road Deerfield IL 60015"
400170458,Suite 700,3500 Lacey Road,,Downers Grove,IL,60515,US,"Suite 700,3500 Lacey Road Downers Grove IL 60515"
715978524,46th Floor,155 North Wacker Drive,,Chicago,IL,60606,US,"46th Floor,155 North Wacker Drive Chicago IL 60606"
710744097,2nd Floor,1200 Wilmette Avenue,,Wilmette,IL,60091,US,"2nd Floor,1200 Wilmette Avenue Wilmette IL 60091"
710614944,Suite 300,8909 Purdue Road,,Indianapolis,IN,46268,US,"Suite 300,8909 Purdue Road Indianapolis IN 46268"
710597632,Suite 410,910 Pierremont Road,,Shreveport,LA,71106,US,"Suite 410,910 Pierremont Road Shreveport LA 71106"
710578844,Suite 360,20 University Road,,Cambridge,MA,02138,US,"Suite 360,20 University Road Cambridge MA 02138"
715968111,Suite 307,25 Burlington Mall Road,,Burlington,MA,01803,US,"Suite 307,25 Burlington Mall Road Burlington MA 01803"
710442882,5th Floor,290 Congress Street,,Boston,MA,02210,US,"5th Floor,290 Congress Street Boston MA 02210"
710614761,8th Floor,53 State Street,,Boston,MA,02109,US,"8th Floor,53 State Street Boston MA 02109"
400068365,6th floor,160 Federal Street,,Boston,MA,02110,US,"6th floor,160 Federal Street Boston MA 02110"
710499335,20th Floor,1 Post Office Square,,Boston,MA,02109,US,"20th Floor,1 Post Office Square Boston MA 02109"
710291281,5th Floor,176 Federal Street,,Boston,MA,02110,US,"5th Floor,176 Federal Street Boston MA 02110"
400163788,Suite 220N,910 Clopper Road,,Gaithersburg,MD,20878,US,"Suite 220N,910 Clopper Road Gaithersburg MD 20878"
110015633,Suite 501,2099 Gaither Road,,Rockville,MD,20850,US,"Suite 501,2099 Gaither Road Rockville MD 20850"
400172080,14th Floor,1010 Wayne Avenue,,Silver Spring,MD,20910,US,"14th Floor,1010 Wayne Avenue Silver Spring MD 20910"
400156133,14th Floor,2 Bethesda Metro Center,,Bethesda,MD,20814,US,"14th Floor,2 Bethesda Metro Center Bethesda MD 20814"
110019892,Suite F7,27300 Haggerty Road,,Farmington Hills,MI,48331,US,"Suite F7,27300 Haggerty Road Farmington Hills MI 48331"
710591408,Suite 330,600 South Adams Road,,Birmingham,MI,48009,US,"Suite 330,600 South Adams Road Birmingham MI 48009"
700105959,Suite 301,3000 West County Road 42,,Burnsville,MN,55337,US,"Suite 301,3000 West County Road 42 Burnsville MN 55337"
710618000,Suite 201,30 West Pershing Road,,Kansas City,MO,64108,US,"Suite 201,30 West Pershing Road Kansas City MO 64108"
710497547,Suite 400,7930 Clayton Road,,Saint Louis,MO,63117,US,"Suite 400,7930 Clayton Road Saint Louis MO 63117"
710442815,17th Floor,100 North Broadway,,Saint Louis,MO,63102,US,"17th Floor,100 North Broadway Saint Louis MO 63102"
710604765,FLOOR 1,100 EAST NEWTON STREET,,VERSAILLES,MO,65084-1298,US,"FLOOR 1,100 EAST NEWTON STREET VERSAILLES MO 65084-1298"
710441506,Suite 410,706 Green Valley Road,,Greensboro,NC,27408,US,"Suite 410,706 Green Valley Road Greensboro NC 27408"
710581478,Suite 250,1414 Raleigh Road,,Chapel Hill,NC,27517,US,"Suite 250,1414 Raleigh Road Chapel Hill NC 27517"
400178077,Suite 100,98 Spit Brook Road,,Nashua,NH,03062,US,"Suite 100,98 Spit Brook Road Nashua NH 03062"
710616413,Suite 1,800 Kinderkamack Road,,Oradell,NJ,07649,US,"Suite 1,800 Kinderkamack Road Oradell NJ 07649"
400157772,Suite F,3 Harding Road,,Red Bank,NJ,07701,US,"Suite F,3 Harding Road Red Bank NJ 07701"
711056651,Suite 210,30B Vreeland Road,,Florham Park,NJ,07932,US,"Suite 210,30B Vreeland Road Florham Park NJ 07932"
715933881,11th Floor,1 Evertrust Plaza,,Jersey City,NJ,07302,US,"11th Floor,1 Evertrust Plaza Jersey City NJ 07302"
400173041,3rd Floor,400 Crossing Blvd,,Bridgewater,NJ,08807,US,"3rd Floor,400 Crossing Blvd Bridgewater NJ 08807"
710610713,2nd Floor,34 Broad Street,,Red Bank,NJ,07701,US,"2nd Floor,34 Broad Street Red Bank NJ 07701"
500004233,3rd Floor,1 Park Way,,Upper Saddle River,NJ,07458,US,"3rd Floor,1 Park Way Upper Saddle River NJ 07458"
710583432,Suite 250,8337 West Sunset Road,,Las Vegas,NV,89113,US,"Suite 250,8337 West Sunset Road Las Vegas NV 89113"
710590600,Suite 300,8880 West Sunset Road,,Las Vegas,NV,89148,US,"Suite 300,8880 West Sunset Road Las Vegas NV 89148"
710203282,Suite 1801,1633 Broadway,,New York,NY,10019,US,"Suite 1801,1633 Broadway New York NY 10019"
710541170,Suite 250,660 White Plains Road,,Tarrytown,NY,10591,US,"Suite 250,660 White Plains Road Tarrytown NY 10591"
400167521,Suite 301,1 Manhattanville Road,,Purchase,NY,10577,US,"Suite 301,1 Manhattanville Road Purchase NY 10577"
710444313,33rd Floor,320 Park Avenue,,New York,NY,10022,US,"33rd Floor,320 Park Avenue New York NY 10022"
715975679,22nd Floor,555 Madison Avenue,,New York,NY,10022,US,"22nd Floor,555 Madison Avenue New York NY 10022"
715932184,19th Floor,460 Park Avenue,,New York,NY,10022,US,"19th Floor,460 Park Avenue New York NY 10022"
715937781,25th Floor,450 Park Avenue,,New York,NY,10022,US,"25th Floor,450 Park Avenue New York NY 10022"
710499544,Suite 100,5084 Wooster Road,,Cincinnati,OH,45226,US,"Suite 100,5084 Wooster Road Cincinnati OH 45226"
710606464,4th Floor,4900 Tiedeman Road,,Brooklyn,OH,44144,US,"4th Floor,4900 Tiedeman Road Brooklyn OH 44144"
400173857,14th Floor,1 Riverside Plaza,,Columbus,OH,43215,US,"14th Floor,1 Riverside Plaza Columbus OH 43215"
400170924,Floor 20,605 3rd Avenue,,New York,OH,10158,US,"Floor 20,605 3rd Avenue New York OH 10158"
711989635,6TH FLOOR,315 HIGH STREET,,HAMILTON,OH,45011,US,"6TH FLOOR,315 HIGH STREET HAMILTON OH 45011"
711727942,Suite 800,101 North Broadway,,Oklahoma City,OK,73102,US,"Suite 800,101 North Broadway Oklahoma City OK 73102"
710489616,Suite 220,550 East Swedesford Road,,Wayne,PA,19087,US,"Suite 220,550 East Swedesford Road Wayne PA 19087"
400174993,Suite 400,550 East Swedesford Road,,Wayne,PA,19087,US,"Suite 400,550 East Swedesford Road Wayne PA 19087"
716383415,54th Floor,1650 Market Street,,Philadelphia,PA,19103,US,"54th Floor,1650 Market Street Philadelphia PA 19103"
710577423,12th Floor East Tower,1500 Market Street,,Philadelphia,PA,19102,US,"12th Floor East Tower,1500 Market Street Philadelphia PA 19102"
711272716,14TH FLOOR,1429 WALNUT STREET,,PHILADELPHIA,PA,17102,US,"14TH FLOOR,1429 WALNUT STREET PHILADELPHIA PA 17102"
710584582,6th Floor,1216 Arch Street,,Philadelphia,PA,19107,US,"6th Floor,1216 Arch Street Philadelphia PA 19107"
710603469,"33rd Floor, Suite 3323",1818 Market Street,,Philadelphia,PA,19103,US,"33rd Floor, Suite 3323,1818 Market Street Philadelphia PA 19103"
710009855,8th Floor,1 Gateway Center,,Pittsburgh,PA,15222,US,"8th Floor,1 Gateway Center Pittsburgh PA 15222"
716400191,Suite 102,620 Mabry Hood Road,,Knoxville,TN,37932,US,"Suite 102,620 Mabry Hood Road Knoxville TN 37932"
710584216,4th Floor,2919 Allen Parkway,,Houston,TN,77019,US,"4th Floor,2919 Allen Parkway Houston TN 77019"
710434063,Suite 215,10200 Grogans Mill Road,,Spring,TX,77380,US,"Suite 215,10200 Grogans Mill Road Spring TX 77380"
710443609,Suite 810,1616 South Voss Road,,Houston,TX,77057,US,"Suite 810,1616 South Voss Road Houston TX 77057"
710438518,Suite 360,8637 Fredericksburg Road,,San Antonio,TX,78240,US,"Suite 360,8637 Fredericksburg Road San Antonio TX 78240"
710583852,Suite 725,8117 Preston Road,,Dallas,TX,75225,US,"Suite 725,8117 Preston Road Dallas TX 75225"
710582149,Suite 250,5500 Preston Road,,Dallas,TX,75205,US,"Suite 250,5500 Preston Road Dallas TX 75205"
710579864,Suite 125,7420 Blanco Road,,San Antonio,TX,78216,US,"Suite 125,7420 Blanco Road San Antonio TX 78216"
400162486,"Building 1, Suite 200",2500 Bee Cave Road,,Rollingwood,TX,78746,US,"Building 1, Suite 200,2500 Bee Cave Road Rollingwood TX 78746"
710498660,Suite 300,11719 Bee Caves Road,,Austin,TX,78738,US,"Suite 300,11719 Bee Caves Road Austin TX 78738"
400162447,Suite 200,2121 Sage Road,,Houston,TX,77056,US,"Suite 200,2121 Sage Road Houston TX 77056"
400169088,Suite 1200,515 West Greens Road,,Houston,TX,77067,US,"Suite 1200,515 West Greens Road Houston TX 77067"
715939518,Second Floor,1010 Lavaca Street,,Austin,TX,78701,US,"Second Floor,1010 Lavaca Street Austin TX 78701"
710439223,Suite 335,1420 Spring Hill Road,,Mc Lean,VA,22102,US,"Suite 335,1420 Spring Hill Road Mc Lean VA 22102"
716396394,20th Floor  Suite 1020,1530 Wilson Blvd,,Arlington,VA,22209,US,"20th Floor  Suite 1020,1530 Wilson Blvd Arlington VA 22209"
710262240,20th Floor,707 East Main Street,,Richmond,VA,23219,US,"20th Floor,707 East Main Street Richmond VA 23219"
400175154,11th Floor,4300 Wilson Boulevard,,Arlington,VA,22203,US,"11th Floor,4300 Wilson Boulevard Arlington VA 22203"
715865553,Suite 100,33 Blair Park Road,,Williston,VT,05495,US,"Suite 100,33 Blair Park Road Williston VT 05495"
710576913,Suite 307-245,1401 Marvin Road NE,,Lacey,WA,98516,US,"Suite 307-245,1401 Marvin Road NE Lacey WA 98516"
710609926,12th Floor,411 University Street,,Seattle,WA,98101,US,"12th Floor,411 University Street Seattle WA 98101"
400157677,"PO Box 669, 4th Floor",1 Neenah Center,,Neenah,WI,54956,US,"PO Box 669, 4th Floor,1 Neenah Center Neenah WI 54956"
710084769,3rd Floor,615 East Michigan Street,,Milwaukee,WI,53202,US,"3rd Floor,615 East Michigan Street Milwaukee WI 53202"
710434349,CORPORATION TRUST CENTER,1209 ORANGE STREET,,Wilmington,DE,19801,US,"CORPORATION TRUST CENTER,1209 ORANGE STREET Wilmington DE 19801"
